Workbook

Sheet Sales
A1: Employee | B1: Region | C1: Product | D1: Units | E1: Unit Price | F1: Revenue | G1: Bonus | H1: Lookup Code
A2: Amit | B2: North | C2: Pen | D2: 120 | E2: 2.5 | F2: =D2*E2 | G2: =IF(F2>=250,"High","Low") | H2: E101
A3: Sara | B3: South | C3: Notebook | D3: 45 | E3: 12 | F3: =D3*E3 | G3: =IF(F3>=250,"High","Low") | H3: E102
A4: Ravi | B4: East | C4: Pencil | D4: 200 | E4: 1.2 | F4: =D4*E4 | G4: =IF(F4>=250,"High","Low") | H4: E103
A5: Nisha | B5: West | C5: Bag | D5: 15 | E5: 85 | F5: =D5*E5 | G5: =IF(F5>=250,"High","Low") | H5: E104
A6: Omar | B6: North | C6: Notebook | D6: 60 | E6: 12 | F6: =D6*E6 | G6: =IF(F6>=250,"High","Low") | H6: E105
A7: Meena | B7: South | C7: Pen | D7: 80 | E7: 2.5 | F7: =D7*E7 | G7: =IF(F7>=250,"High","Low") | H7: E106
A8: Karan | B8: East | C8: Bag | D8: 8 | E8: 85 | F8: =D8*E8 | G8: =IF(F8>=250,"High","Low") | H8: E107
A9: Zoya | B9: West | C9: Pencil | D9: 150 | E9: 1.2 | F9: =D9*E9 | G9: =IF(F9>=250,"High","Low") | H9: E108
A10: Imran | B10: North | C10: Bag | D10: 5 | E10: 85 | F10: =D10*E10 | G10: =IF(F10>=250,"High","Low") | H10: E109
A11: Pooja | B11: South | C11: Notebook | D11: 30 | E11: 12 | F11: =D11*E11 | G11: =IF(F11>=250,"High","Low") | H11: E110

Sheet Lookup
A1: Code | B1: Employee | C1: Commission Rate
A2: E101 | B2: Amit | C2: 0.05
A3: E102 | B3: Sara | C3: 0.06
A4: E103 | B4: Ravi | C4: 0.04
A5: E104 | B5: Nisha | C5: 0.08
A6: E105 | B6: Omar | C6: 0.05
A7: E106 | B7: Meena | C7: 0.06
A8: E107 | B8: Karan | C8: 0.07
A9: E108 | B9: Zoya | C9: 0.04
A10: E109 | B10: Imran | C10: 0.08
A11: E110 | B11: Pooja | C11: 0.05

Sheet Formula Tests
A1: Test | B1: Formula to enter | C1: Expected result | D1: Purpose
A2: SUM | B2: =SUM(Sales!F2:F11) | C2: 4920 | D2: Total revenue
A3: COUNTIF | B3: =COUNTIF(Sales!B2:B11,"North") | C3: 3 | D3: Count North region
A4: SUMIF | B4: =SUMIF(Sales!B2:B11,"North",Sales!F2:F11) | C4: 1445 | D4: Revenue from North
A5: IF | B5: =IF(Sales!F2>=250,"High","Low") | C5: High | D5: Condition test
A6: VLOOKUP | B6: =VLOOKUP("E104",Lookup!A2:C11,2,FALSE) | C6: Nisha | D6: Find employee by code
A7: INDEX/MATCH | B7: =INDEX(Lookup!B2:B11,MATCH("E105",Lookup!A2:A11,0)) | C7: Omar | D7: Lookup combination
A8: XLOOKUP | B8: =XLOOKUP("E103",Lookup!A2:A11,Lookup!B2:B11,"Not found") | C8: Ravi | D8: Modern lookup; test support
A9: Cross-sheet | B9: =Lookup!B2 | C9: Amit | D9: Cross-sheet reference
A10: Cell reference | B10: =Sales!D2*Sales!E2 | C10: 300 | D10: Basic arithmetic
